section,AUC (source),AUC (target),pAUC,pAUC (source),pAUC (target),precision (source),precision (target),recall (source),recall (target),F1 score (source),F1 score (target)
00,0.5973999999999999,0.5933999999999999,0.5205263157894737,0.5305263157894737,0.5136842105263157,0.5411764705882353,0.5301204819277109,0.92,0.88,0.6814814814814815,0.6616541353383459
arithmetic mean,0.5973999999999999,0.5933999999999999,0.5205263157894737,0.5305263157894737,0.5136842105263157,0.5411764705882353,0.5301204819277109,0.92,0.88,0.6814814814814815,0.6616541353383459
harmonic mean,0.5973999999999999,0.5933999999999999,0.5205263157894737,0.5305263157894737,0.5136842105263157,0.5411764705882353,0.5301204819277109,0.92,0.8799999999999999,0.6814814814814815,0.6616541353383459

