section,AUC (source),AUC (target),pAUC,pAUC (source),pAUC (target),precision (source),precision (target),recall (source),recall (target),F1 score (source),F1 score (target)
00,0.7208,0.689,0.5352631578947369,0.5536842105263158,0.5305263157894737,0.5,0.5,1.0,1.0,0.6666666666666666,0.6666666666666666
arithmetic mean,0.7208,0.689,0.5352631578947369,0.5536842105263158,0.5305263157894737,0.5,0.5,1.0,1.0,0.6666666666666666,0.6666666666666666
harmonic mean,0.7208,0.689,0.5352631578947369,0.5536842105263158,0.5305263157894737,0.5,0.5,1.0,1.0,0.6666666666666666,0.6666666666666666

