section,AUC (source),AUC (target),pAUC,pAUC (source),pAUC (target),precision (source),precision (target),recall (source),recall (target),F1 score (source),F1 score (target)
00,0.5863999999999999,0.5944,0.5121052631578947,0.5178947368421053,0.5010526315789474,0.5576923076923077,0.5576923076923077,0.58,0.58,0.5686274509803922,0.5686274509803922
arithmetic mean,0.5863999999999999,0.5944,0.5121052631578947,0.5178947368421053,0.5010526315789474,0.5576923076923077,0.5576923076923077,0.58,0.58,0.5686274509803922,0.5686274509803922
harmonic mean,0.5863999999999999,0.5944,0.5121052631578947,0.5178947368421053,0.5010526315789474,0.5576923076923077,0.5576923076923077,0.58,0.58,0.5686274509803922,0.5686274509803922

