section,AUC (source),AUC (target),pAUC,pAUC (source),pAUC (target),precision (source),precision (target),recall (source),recall (target),F1 score (source),F1 score (target)
00,0.6836,0.6784,0.5426315789473685,0.5642105263157895,0.5305263157894737,0.5,0.5,1.0,1.0,0.6666666666666666,0.6666666666666666
arithmetic mean,0.6836,0.6784,0.5426315789473685,0.5642105263157895,0.5305263157894737,0.5,0.5,1.0,1.0,0.6666666666666666,0.6666666666666666
harmonic mean,0.6836,0.6784,0.5426315789473685,0.5642105263157895,0.5305263157894737,0.5,0.5,1.0,1.0,0.6666666666666666,0.6666666666666666

