section,AUC (source),AUC (target),pAUC,pAUC (source),pAUC (target),precision (source),precision (target),recall (source),recall (target),F1 score (source),F1 score (target)
00,0.5922000000000001,0.6105999999999999,0.5284210526315789,0.5178947368421053,0.5368421052631579,0.5517241379310345,0.5176470588235295,0.96,0.88,0.7007299270072993,0.6518518518518519
arithmetic mean,0.5922000000000001,0.6105999999999999,0.5284210526315789,0.5178947368421053,0.5368421052631579,0.5517241379310345,0.5176470588235295,0.96,0.88,0.7007299270072993,0.6518518518518519
harmonic mean,0.5922000000000001,0.6105999999999999,0.5284210526315789,0.5178947368421053,0.5368421052631579,0.5517241379310345,0.5176470588235295,0.96,0.8799999999999999,0.7007299270072993,0.6518518518518519

