loss,val_loss,recon_loss,recon_loss_source,recon_loss_target
189.66970262733736,17.76554638098094,189.66970262733736,189.48517686235593,181.14885948179398
54.518531654487816,16.01507191618612,54.518531654487816,54.43601645844026,56.54936132582442
21.184914663975764,15.07888481833718,21.184914663975764,21.177810078659093,20.66173868030104
16.52290536201993,14.509536120517195,16.52290536201993,16.520432563514902,15.806230533715498
15.477452328607775,14.093596182578851,15.477452328607775,15.477537506250977,14.341389575423703
14.855532455268786,13.297322281136001,14.855532455268786,14.856788306536895,13.66286417360521
14.22967983751433,12.962860785239984,14.22967983751433,14.230336088328881,12.978141708002077
13.877660435353125,13.735206824688872,13.877660435353125,13.871261012098836,13.353351672591014
