section,AUC (source),AUC (target),pAUC,pAUC (source),pAUC (target),precision (source),precision (target),recall (source),recall (target),F1 score (source),F1 score (target)
00,0.6146,0.6262,0.531578947368421,0.5157894736842106,0.5473684210526316,0.5393258426966292,0.5238095238095238,0.96,0.88,0.6906474820143884,0.6567164179104478
arithmetic mean,0.6146,0.6262,0.531578947368421,0.5157894736842106,0.5473684210526316,0.5393258426966292,0.5238095238095238,0.96,0.88,0.6906474820143884,0.6567164179104478
harmonic mean,0.6146,0.6262,0.531578947368421,0.5157894736842106,0.5473684210526316,0.5393258426966292,0.5238095238095238,0.96,0.8799999999999999,0.6906474820143884,0.6567164179104478

