section,AUC (source),AUC (target),pAUC,pAUC (source),pAUC (target),precision (source),precision (target),recall (source),recall (target),F1 score (source),F1 score (target)
00,0.6062,0.6093999999999999,0.5436842105263158,0.5263157894736842,0.5684210526315789,0.5308641975308642,0.5238095238095238,0.86,0.88,0.6564885496183206,0.6567164179104478
arithmetic mean,0.6062,0.6093999999999999,0.5436842105263158,0.5263157894736842,0.5684210526315789,0.5308641975308642,0.5238095238095238,0.86,0.88,0.6564885496183206,0.6567164179104478
harmonic mean,0.6062,0.6093999999999999,0.5436842105263158,0.5263157894736842,0.5684210526315789,0.5308641975308642,0.5238095238095238,0.86,0.8799999999999999,0.6564885496183206,0.6567164179104478

