section,AUC (source),AUC (target),pAUC,pAUC (source),pAUC (target),precision (source),precision (target),recall (source),recall (target),F1 score (source),F1 score (target)
00,0.6238,0.5878,0.501578947368421,0.5305263157894737,0.4884210526315789,0.5205479452054794,0.5263157894736842,0.76,0.8,0.6178861788617885,0.6349206349206348
arithmetic mean,0.6238,0.5878,0.501578947368421,0.5305263157894737,0.4884210526315789,0.5205479452054794,0.5263157894736842,0.76,0.8,0.6178861788617885,0.6349206349206348
harmonic mean,0.6238,0.5878,0.501578947368421,0.5305263157894737,0.4884210526315789,0.5205479452054794,0.5263157894736842,0.7599999999999999,0.8,0.6178861788617885,0.6349206349206348

